id,song,composer,EZ,HD,IN,AT
Glaciaxion.SunsetRay,Glaciaxion,SunsetRay,1,1,1,
EradicationCatastrophe.NceS,Eradication Catastrophe,NceS,1,1,1,
Credits.Frums,Credits,Frums,1,1,1,1
Dlyrotz.Likey,Dlyrotz,Likey,1,1,1,
EnginexStartmelodymix.CrossingSound,Engine x Start!! (melody mix),CrossingSound,1,1,1,
光.姜米條,光,姜米條,1,1,1,
Wintercube.CtymaxfeatNceS,Winter ↑cube↓,Ctymax feat. NceS,1,1,1,
Cipher20.TetrajectoryfeatCtymax,Cipher : /2&//<|0,Tetrajectory feat. Ctymax,1,1,1,
混乱Confusion.OnlyMyBlackScore,混乱-Confusion,Only My Black Score,1,1,1,
FULiAUTOSHOOTER.MYUKKE,FULi AUTO SHOOTER,MYUKKE.,1,1,1,
HumaN.SOTUI,HumaN,SOTUI,1,1,1,
PRAW.Bluewind,[PRAW],Bluewind,1,1,1,
PixelRebelz.Normal1zer,Pixel Rebelz,Normal1zer,1,1,1,
Cereris.SunsetRayNceS,Cereris,SunsetRay/NceS,1,1,1,
NonMelodicRagezMUGEdit.Normal1zer,Non-Melodic Ragez (MUG Edit),Normal1zer,1,1,1,
SultanRage.MonstDeath,Sultan Rage,MonstDeath,1,1,1,
ClassMemories.AntistarfeatCtymax,Class Memories,Antistar feat. Ctymax,1,1,1,
SURREALISM.Itsuki,-SURREALISM-,Itsuki,1,1,1,
BonusTime.MegaloPaleWhite,Bonus Time,Megalo_PaleWhite,1,1,1,
ENERGYSYNERGYMATRIX.Tanchiky,ENERGY SYNERGY MATRIX,Tanchiky,1,1,1,
NYA.FLuoRiTe姜米條,NYA!!! (Phigros ver.),FLuoRiTe/姜米條,1,1,1,
JunXionBetweenLifeAndDeathVIPMix.1N6Fs,JunXion Between Life And Death(VIP Mix),1N6Fs,1,1,1,
cryout.JuE,cryout,Ju_E,1,1,1,
Reimei.影虎,Reimei,影虎。,1,1,1,
尊師TheGuru.rider,尊師 ～The Guru～,rider,1,1,1,
Spasmodic.姜米條颶風元力上人,Spasmodic,姜米條☆颶風 ~ ♫元力上人♫,1,1,1,1
LeaveAllBehind.rider,Leave All Behind,rider,1,1,1,
ColorfulDays.P4koofeatつゆり花鈴,Colorful Days♪,P4koo feat. つゆり花鈴,1,1,1,
microwav.dandeless,micro.wav,dandeless,1,1,1,
重生.姜米條,重生,姜米條,1,1,1,
NOONEYESMAN.MYUKKE,NO ONE YES MAN,MYUKKE.,1,1,1,
望影の方舟Six.SeURa,望影の方舟Six,Se-U-Ra,1,1,1,
Igallta.SeURa,Igallta,Se-U-Ra,1,1,1,1
ClockParadox.WyvernP,Clock Paradox,WyvernP,1,1,1,
Chronologika.Hundotte,Chronologika,Hundotte,1,1,1,
NickofTime.P4koo,Nick of Time,P4koo,1,1,1,
Chronomia.Lime,Chronomia,Lime,1,1,1,
ChronosCollapseLaCampanella.SunsetRay,Chronos Collapse - La Campanella,SunsetRay,1,1,1,
Rrharil.TeamGrimoire,Rrhar'il,Team Grimoire,1,1,1,1
CraveWave.LandRoot,Crave Wave,LandRoot,1,1,1,
TheChariotREVIIVAL.Attoclef,The Chariot ~REVIIVAL~,Attoclef,1,1,1,
Luminescence.米虾Fomiki初云CLoudie,Luminescence,米虾Fomiki & 初云CLoudie,1,1,1,
Retribution.nmyKryexe,Retribution,nm-y & Kry.exe,1,1,1,
DESTRUCTION321.Normal1zervsBrokenNerdz,"DESTRUCTION 3,2,1",Normal1zer vs. Broken Nerdz,1,1,1,1
DistortedFate.Sakuzyo,Distorted Fate,Sakuzyo,1,1,1,1
Doppelganger.LeaF,Doppelganger,LeaF,1,1,1,
もぺもぺ.LeaF,もぺもぺ,LeaF,1,1,1,1
MARENOL.LeaF,MARENOL,LeaF,1,1,1,
萤火虫の怨.闫东炜,萤火虫の怨,闫东炜,1,1,1,
万吨匿名信.闫东炜,万吨匿名信,闫东炜,1,1,1,
风屿.闫东炜,风屿,闫东炜,1,1,1,1
dBdoll.YUESTEVENuen,dB doll,YUE.STEVEN/uen,1,1,1,1
Dash.小红Akane李祥辉,Dash,小红Akane，李祥晖,1,1,1,
云女孩.符白牙SiYFics,云女孩,符白牙/SiYFics,1,1,1,
DropIt.Asuka,Drop It,Asuka,1,1,1,
RIPPER.Friedwav,RIPPER,Friedwav,1,1,1,
Aphasia.闫东炜,Aphasia,闫东炜,1,1,1,
开心病.闫东炜,开心病,闫东炜,1,1,1,
華灯爱.闫东炜,華灯爱,闫东炜,1,1,1,
FindMe.Kforest,Find_Me,K-forest,1,1,1,
Sein.朔Apo11oprogramvsお月さま交響曲ftkuroa荒巻,Sein,朔(Apo11o program vs. お月さま交響曲) ft. kuroa*×荒巻,1,1,1,
狂喜蘭舞.LeaF,狂喜蘭舞,LeaF,1,1,1,1
SparkleNewLife.rider,Sparkle New Life,rider,1,1,1,
KhronostasisKatharsis.Halv,Khronostasis Katharsis,Halv,1,1,1,
SnowDesert.WyvernP,Snow Desert,WyvernP,1,1,1,
Burn.NceS,Burn,NceS,1,1,1,
Aleph0.LeaF,Aleph-0,LeaF,1,1,1,
NextTime.SaMZIng,Next Time,SaMZIng,1,1,1,
RubbishSorting.CtymaxvsNceS,Rubbish Sorting,Ctymax vs. NceS,1,1,1,
AnotherMe.NeutralMoon,Another Me,Neutral Moon,1,1,1,
mechanted.rareguy,mechanted,rareguy,1,1,1,
lifeflashesbeforeweebeyes.BilliumMoto,life flashes before weeb eyes,BilliumMoto,1,1,1,
BreakThroughTheBarrier.lixound,Break Through The Barrier,lixound,1,1,1,
Chronostasis.黒皇帝,Chronostasis,黒皇帝,1,1,1,
DeadSoul.SoundSouler,Dead Soul,Sound Souler,1,1,1,
InfinityHeaven.HyuN,Infinity Heaven,HyuN,1,1,1,
Disorder.HyuNfeatYURI,Disorder,HyuN feat. YURI,1,1,1,
CROSSSOUL.HyuNfeatSyepias,CROSS†SOUL,HyuN feat. Syepias,1,1,1,
SpeedUp.DarTokki,Speed Up!,DarTokki,1,1,1,
MagentaPotion.EmoCo,Magenta Potion,EmoCo.,1,1,1,
GetBack.CAP3,Get Back,CAP3,1,1,1,
Palescreen.WyvernPfeatMadol,Palescreen,WyvernP feat. Madol,1,1,1,
GOODTEK.EBIMAYO,GOODTEK,EBIMAYO,1,1,1,
GOODBOUNCE.EBIMAYO,GOODBOUNCE,EBIMAYO,1,1,1,
GOODWORLD.EBIMAYO,GOODWORLD,EBIMAYO,1,1,1,
GOODFORTUNE.EBIMAYO,GOODFORTUNE,EBIMAYO,1,1,1,
GOODRAGE.EBIMAYO,GOODRAGE,EBIMAYO,1,1,1,
TheMountainEater.PaulBazooka,The Mountain Eater,Paul Bazooka,1,1,1,
Orthodox.tokiwa,Orthodox,tokiwa,1,1,1,
EndMe.ZxNXasDelaina,End Me,"ZxNX as ""Delaina""",1,1,1,
ParallelRetrogressionGameVer.Tetrajectory,Parallel Retrogression(Game Ver.),Tetrajectory,1,1,1,
Starduster.Quree,Starduster,Quree,1,1,1,
Electron.ElousFZ,Electron,ElousΛ.-FZ,1,1,1,
SIGMA.Kryexe,SIGMA,Kry.exe,1,1,1,
HardcoreKwaya.EnFr,Hardcore Kwaya,EnFr,1,1,1,
Aventyr.GrandThawRigelTheatre,Äventyr,Grand Thaw / Rigël Theatre,1,1,1,
Trane.MALVA,Träne,MALVA.,1,1,1,
雪降りメリクリ.A39,雪降り、メリクリ,A-39,1,1,1,
CervelleConnexion.SCTL,Cervelle Connexion,SCTL,1,1,1,
modulus.PTB10,modulus,PTB10,1,1,1,
Wavetapper.Frums,Wavetapper,Frums,1,1,1,
大和撫子WildDances.adapatorvsDRIVE,大和撫子 -Wild Dances-,adaptor vs DRIVE.,1,1,1,
Eltaw.Fl00t,Eltaw,Fl00t,1,1,1,
Initialize.iF,Initialize,iF,1,1,1,
桜樹街道.kozatosnow,桜樹街道,kozato snow,1,1,1,
GetReady.iF,Get Ready!! ,iF,1,1,1,
volcanic.DETROakaルゼ,volcanic,DETRO a.k.a. ルゼ,1,1,1,1
BetterGraphicAnimation.ルゼ,Better Graphic Animation,ルゼ,1,1,1,
XING.ginkiha,XING,ginkiha,1,1,1,
FinalStep.Lime,Final Step!,Lime,1,1,1,
Cthugha.USAO,Cthugha,USAO,1,1,1,1
WithYou.Cashew,With You,Cashew,1,1,1,
UnorthodoxThoughts.Joulez,Unorthodox Thoughts,Joulez,1,1,1,
Apocalyptic.ZClaxxSumaiLight,Apocalyptic,Z ClaxX & SumaiLight,1,1,1,
游园地.椒盐菠萝,游园地,椒盐菠萝,1,1,1,
energytrixxx.KAH,energy trixxx,KAH,1,1,1,
Nhelv.Silentroom,Nhelv,Silentroom,1,1,1,
Arkhei.SeraAmagi,-Arkhei-,Sera Amagi,1,1,1,
Kerberos.Zris,Kerberos,Zris,1,1,1,
parsey.siqlo,ρars/ey,siqlo,1,1,1,
Concvssion.Halv,Concvssion,Halv,1,1,1,
ジングルベルJingleBell.A39沙包P,ジングルベル(Jingle Bell),A-39/沙包P,1,1,1,
TimetoNightSkyfeatLeeYuJin.HyuNKLYDIX,Time to Night Sky (feat. Lee Yu Jin),HyuN & KLYDIX,1,1,1,
HAZARD.Limpid,HAZARD,Limpid,1,1,1,
AnotherMe.DAAN,Another Me,D_AAN,1,1,1,
DontNeverAround.HAMA,Don't Never Around,HAMA,1,1,1,
RESSiSTANCE.ぐるたみん,RESSiSTANCE,ぐるたみん,1,1,1,
Dreamland.z1onkyrrin,Dreamland,z1on & kyrrin,1,1,1,
AnotherRound.JustinDai,Another Round,Justin Dai,1,1,1,
996.李化禹,996,李化禹,1,1,1,
FutureMind.RayNauticaRekuMochizuki,Future Mind,Ray Nautica & Reku Mochizuki,1,1,1,
Luminescent.Daison,Luminescent,Daison,1,1,1,
FULiAUTOBUSTER.MYUKKE,FULi AUTO BUSTER,MYUKKE.,1,1,1,
IMustSayNo.TangJuan,I Must Say No,TangJuan,1,1,1,
opia.rN,opia,rN,1,1,1,
Apocalypse.アリスシャッハと魔法の楽団,Apocalypse,アリスシャッハと魔法の楽団,1,1,1,
Protoflicker.Silentroom,Protoflicker,Silentroom,1,1,1,
HorizonBlue.NothingButRequiemfeatAikapinChiyoko,Horizon Blue,Nothing But Requiem feat. Aikapin & Chiyoko,1,1,1,
YouaretheMiserable.tpazolite,You are the Miserable,t+pazolite,1,1,1,1
Stasis.Maozon,Stasis,Maozon,1,1,1,1
いざ参ります.Uskefeat棗いつき,いざ、参ります,U-ske feat. 棗いつき,1,1,1,
月下缭乱.月見静華vsLUNARiUM,月下缭乱,月見静華 vs. LUNARiUM,1,1,1,
OnAndOn.ETIAfeatJenga,On And On!!,ETIA. feat. Jenga,1,1,1,
DataErr0r.Cosmograph,DataErr0r,Cosmograph,1,1,1,
Shadow.SumaiLightvs姜米條,Shadow,姜米條&SumaiLight,1,1,1,1
心之所向.姜米條,心之所向,姜米條,1,1,1,
inferior.姜米條,inferior,姜米條,1,1,1,
csqn.Aoi,c.s.q.n.,Aoi,1,1,1,
BraveNotes.TurquoiseDRIVENota,Brave Notes,Turquoise(DRIVE.+Nota),1,1,1,
盏茗.茶鸣拾贰律,盏茗,茶鸣拾贰律,1,1,1,
青芽.茶鸣拾贰律,青芽,茶鸣拾贰律,1,1,1,
EternalSnow.AbyssIdols,Eternal Snow,Abyss Idols,1,1,1,
RainySeason.AbyssIdols,Rainy Season,Abyss Idols,1,1,1,
ElCondorPasaPhigrosEdit.PlasticFruits,El Condor Pasa (Phigros Edit),Plastic Fruits,1,1,1,
BreakOver.Kforest,Break Over,K-forest,1,1,1,1
BelieveLightfeat果丸哒呦.ScalerMestie果丸哒呦,Believe Light (feat. 果丸哒呦),Scaler & Mestie & 果丸哒呦,1,1,1,
Pontdessouvenirs.VeetaCrushvsitsufeatitsu,Pont des souvenirs,VeetaCrush vs. [itsu(feat.itsu)],1,1,1,
青丘.BLACK0,青丘,BLACK 0,1,1,1,
瓷岁.茶鸣拾贰律,瓷岁,茶鸣拾贰律,1,1,1,
Feast远东之宴.茶鸣拾贰律,Feast远东之宴,茶鸣拾贰律,1,1,1,
インフェルノシティ.Ponchifeatはぁち,インフェルノシティ,Ponchi♪ feat. はぁち,1,1,1,
Upshift.Iriss-Frantzz,Upshift,Iriss-Frantzz,1,1,1,
PoisonANDORAffection.LeaF,Poison AND÷OR Affection,LeaF,1,1,1,
Random.SobremSilentroom,Random,Sobrem × Silentroom,1,1,1,
零號車輛.seatrus,零號車輛,seatrus,1,1,1,
NowIsTheTimeDoIt.RoyMikelate,"Now Is The Time, Do It",Roy Mikelate,1,1,1,
Bougainvillea.Jade,Bougainvillea,Jade,1,1,1,
神話.PicaM2U,神話,Pica & M2U,1,1,1,
Elúltimobaile.Θ,El último baile,Θ,1,1,1,
Trojan.litmus,Trojan,litmus*,1,1,1,
TemporalShifting.LureRabbitVC,Temporal Shifting,Lure Rabbit & V!C,1,1,1,
Adastraperaspera.RabbitHouse,Ad astra per aspera,Rabbit House,1,1,1,
Ajourneytothemoonlight.Yesod,A journey to the moonlight,Yesod,1,1,1,
RainyHeart.BelieverInYou阿卡姆巫师,Rainy Heart,BelieverInYou(阿卡姆巫师),1,1,1,
Realms.HinkikAHimitsu,Realms,Hinkik & A Himitsu,1,1,1,
ぱぴぷぴぷぴぱ.ころねぽちWith立秋,ぱぴぷぴぷぴぱ,ころねぽち With 立秋,1,1,1,
TriumphRegret.typeMARS,Triumph & Regret,typeMARS,1,1,1,
SATELLITE.かめりあ,S.A.T.E.L.L.I.T.E.,かめりあ,1,1,1,1
DancewithSilence.かめりあ,Dance with Silence,かめりあ,1,1,1,
LabyrinthinKowloonWalledWorld.かめりあ,Labyrinth in Kowloon: Walled World,かめりあ,1,1,1,
ComputeItWithSomeDevilishAlcoholicSteampunkEngines.かめりあ,Compute It With Some Devilish Alcoholic Steampunk Engines,かめりあ,1,1,1,
ERABYECONNEC10N.かめりあ,+ERABY+E CONNEC+10N,かめりあ,1,1,1,1
DiamondEyes.SYNTHETIC,Diamond Eyes,SYNTHETIC,1,1,1,
Bitterblossom.imvi,Bitterblossom,imvi,1,1,1,
SilenceisGoldenSpeechisGolden.NIWASHI,"Silence is Golden, Speech is Golden",NIWASHI,1,1,1,
FracturedAngel.DJRaisei,Fractured Angel,DJ Raisei,1,1,1,
JourneywithYou.Iris,Journey with You,Iris,1,1,1,
SecretIllumination.Yooh,Secret Illumination,Yooh,1,1,1,
InvertedWorld.ARForest,Inverted World,ARForest,1,1,1,
月詠に鳴る.Feryquitousfeat藍月なくる,月詠に鳴る,Feryquitous feat.藍月なくる,1,1,1,1
TECHNOPOLIS2085.PRASTIKDANCEFLOOR,TECHNOPOLIS 2085,PRASTIK DANCEFLOOR,1,1,1,1
祈-我ら神祖と共に歩む者なり-.光吉猛修VS穴山大輔VSKaiVS水野健治VS大国奏音,祈 -我ら神祖と共に歩む者なり-,光吉猛修 VS 穴山大輔 VS Kai VS 水野健治 VS 大国奏音,1,1,1,1
bye.DingerBox,bye,DingerBox,1,1,1,
聖夜讃歌.A39沙包P,聖夜讃歌,A-39/沙包P,1,1,1,
ストレイソウルアラウンド.みーに,ストレイソウル・アラウンド,みーに,1,1,1,
ManifoldHypothesis.cybermisofeattigerlily,Manifold Hypothesis,cybermiso feat. tigerlily,1,1,1,
KMoeVIP.ZxNX,K.Moe (VIP),ZxNX,1,1,1,
GVNGlitterVomitusandNeon.SaltySaltUnfold33,"G.V.N. (Glitter,Vomitus and Neon)",Salty Salt & Unfold33,1,1,1,
CrushBETA.shadow_bling,Crush BETA,shadow_bling,1,1,1,
BrokenSky.JungoMAX3feat刘佳宜Snow幻影刃shadow,Broken Sky,Jungo & MAX 3 feat. 刘佳宜Snow & 幻影刃shadow,1,1,1,
BRAINHACKER.SOMON,BRAIN HACKER,SOMON,1,1,1,
Xenolith.Tatsh,Xenolith,Tatsh,1,1,1,
ArtificialExistence.JunKuroda,Artificial Existence,Jun Kuroda,1,1,1,
IndelibleScar.Noah,Indelible Scar,Noah,1,1,1,1
Antithese.Blacklolita,Antithese,Blacklolita,1,1,1,1
PRAGMATISMRESURRECTION.Laur,PRAGMATISM -RESURRECTION-,Laur,1,1,1,1
ShineAfter.ADeanJocularACE,Shine After,ADean & JocularACE,1,1,1,
Bloom.targ麻团qwq,Bloom,targ & 麻团qwq,1,1,1,
幽世桔梗.Capchiifeatまるもこ,幽世桔梗,Capchii feat. まるもこ,1,1,1,
千紫万紅.r0yvsWABI,千紫万紅,r0y vs. WABI,1,1,1,
明鏡烈火.MUEvsRekuMochizuki,明鏡烈火,M-UE vs. Reku Mochizuki,1,1,1,
今天不是明天.PIKASONICfeat兰音Reine,今天不是明天,PIKASONIC feat. 兰音Reine,1,1,1,
Cuvism.Fl00tvsHalv,Cuvism³,Fl00t vs Halv,1,1,1,1
iLArtifact.Link0,iL-Artifact,Link''0,1,1,1,
atruthseekerCommunicationwithUtopiawillbelost.kuro,a truth seeker -Communication with Utopia will be lost-,kuro,1,1,1,
BoundedQuietude.FiniteLimitvsSiLiS,Bounded Quietude,Finite Limit vs SiLiS,1,1,1,
君往何处QuoVadis.M2U,君往何处 (Quo Vadis),M2U,1,1,1,
暗夜苏醒REANIMATE.Warak,暗夜苏醒 (REANIMATE),Warak,1,1,1,
Grimheart.Puru,Grimheart,Puru,1,1,1,
Thrashforce.KAHvsE0ri4,Thrash force,KAH vs. E0ri4,1,1,1,
Originally.SNKSMizku,Originally,SNKS & Mizku,1,1,1,
黄金之城GOLDTOWN.Memme,黄金之城 (GOLD TOWN),MEMME,1,1,1,
双重间谍DoubleAgent.WAVAV,双重间谍 (Double Agent),Wav.AV,1,1,1,
幻影鬼魅PLEASE.R300K,幻影鬼魅 (PLEASE),R300K,1,1,1,1
Schadenfreude.ZxNX,Schadenfreude,ZxNX,1,1,1,
Letempsperdu.Daison,Le temps perdu,Daison,1,1,1,
FixationsTowardtheStars.Foodbot,Fixations Toward the Stars,Foodbot,1,1,1,
valorstarcross.LundyvsWyvren,valor/starcross,Lundy vs. Wyvren,1,1,1,
CometFeat符白牙.CNHKSS,Comet,CNHKSS feat. 符白牙,1,1,1,
白と黒のバケモノ.テヅカ,白と黒のバケモノ,テヅカ,1,1,1,
Devotion.Connexio,Devotion,Connexio,1,1,1,
KirakiraNoelStory.RekuMochizuki,Kirakira Noel Story!!,Reku Mochizuki,1,1,1,
Shelter.MeatyRabbitNceS,Shelter,MeatyRabbit & NceS,1,1,1,
蝎虎天体Lacertid.CreamvsDaily天利,蝎虎天体 -Lacertid-,Cream vs. Daily天利,1,1,1,
贝多芬祝福BeethovenBlessing.Nauts,贝多芬祝福 (Beethoven Blessing),Nauts,1,1,1,
インマイマインド.レシオP,インマイマインド,レシオP,1,1,1,
ニライカナイNiraicA_naiMix.roopfromSTR,ニライカナイ (NiraicA_nai Mix),roop from STR,1,1,1,
SwingSkipDrop.ミハイル,Swing Skip Drop,ミハイル,1,1,1,
宇宙残骸少女CosmicDustyGirl.辻原一郎,宇宙残骸少女 (Cosmic Dusty Girl),辻原一郎,1,1,1,
Resolver.Gomadare,Resolver,Gomadare,1,1,1,
LuminousEntitiesLostHeart.NormalMfeatUsagiDenki,Luminous Entities Lost Heart,NormalM feat. Usagi Denki,1,1,1,
KIZUNAResolution.TAG,KIZUNA Resolution,TAG,1,1,1,
AbsoluTedisoRdeR.AcuteDisarray,AbsoluTe disoRdeR,Acute Disarray,1,1,1,1
AphroditesChildshortver.RUQOA,Aphrodite's Child (short ver.),RUQOA,1,1,1,
DevIAtiOnshortver.polysha,DevIAtiOn (short ver.),polysha,1,1,1,
NOx.Juggernaut,NO x,Juggernaut.,1,1,1,
Aliceinaxxxxxxxx.Nagiha,Alice in a xxxxxxxx,Nagiha,1,1,1,
Radiance.Nhato,Radiance,Nhato,1,1,1,1
DiamondDust.MasahiroGodspeedAoki,Diamond Dust,Masahiro “Godspeed” Aoki,1,1,1,1
StardustRAY.kanonevsBlackY,Stardust:RAY,kanone vs. BlackY,1,1,1,1
FrozenHeart.A39沙包P,Frozen Heart,A-39 / 沙包P,1,1,1,
Helios.NOABotaNya,Helios,NOA(Cortrix) & BotaNya,1,1,1,
FlutterEcho.Cansol,Flutter Echo,Cansol,1,1,1,
Rebirth.ああああ,Re：birth,ああああ,1,1,1,
AvataarReincarnationofKalpa.ScarletteakaCrYmson,Avataar ~Reincarnation of Kalpa~,Scarlette a.k.a CrYmson,1,1,1,1
雪降り雪が降っている.AiSSw夜輪ft結月ゆかり,雪降り ~雪が降っている~,AiSS w/ 夜輪 ft. 結月ゆかり,1,1,1,1
RetributionCycleofRedemption.ArdolfvsDaily天利,Retribution ~ Cycle of Redemption ~ ,Ardolf vs. Daily天利,1,1,1,
アンビバレンス.すりぃ相沢,アンビバレンス,すりぃ×相沢,1,1,1,
Komplexe.雄之助featSennzai,Komplexe,雄之助 feat. Sennzai,1,1,1,
slips.rintarosoma,sølips,rintaro soma,1,1,1,1
QZKagoRequiem.tpazolite,QZKago Requiem,t+pazolite,1,1,1,1
SolaggyfeatUzumaki.ShrimpCatsはぁち後藤涼輔,So laggy! (feat. Uzumaki),ShrimpCats. (はぁち×後藤涼輔),1,1,1,
000AinSophAur.Yumeji,000 -Ain Soph Aur-,Yumeji,1,1,1,
Xepion.Acotto,Xep+ion,Acotto,1,1,1,
Archidoxen.Se_IRA,Archidoxen,Se_IRA,1,1,1,
百鬼夜行.SaladSavior,百鬼֎夜行,Salad Savior,1,1,1,
BANGINGSTRIKE.DewPleiades,BANGING STRIKE,Dew Pleiades,1,1,1,1
TheWholeRest.KIVΛ,The Whole Rest,KIVΛ,1,1,1,
Cristalisia.onoken,Cristalisia,onoken,1,1,1,
Hydra.JamesLandinoXAkiraComplex,Hydra,James Landino X Akira Complex,1,1,1,1
最高傑作.PYKAMIA,最高傑作,PYKAMIA,1,1,1,
Locomotive.K,Locomotive,♠K,1,1,1,
Alb.Avans,Alb,Avans,1,1,1,
Incyde.YbeLL,Incyde,YbeLL,1,1,1,
彩.MisoilePunch,彩,MisoilePunch♪,1,1,1,
彼方へ名もなき海辺より.打打だいず&月乃,彼方へ、名もなき海辺より,打打だいず&月乃,1,1,1,
ABYSSMOTION192333.ariiolTSAR奏Sou,ABYSS MOTION 192.333,ariiol & 奏Sou,1,1,1,
Xenophobia.XinG,Xenophobia,XinG,1,1,1,
Verruckt.Raimukun,Verrückt,Raimukun,1,1,1,
AfterZABANIYAMUGEdit.Daily天利,After ZABANIYA (MUG Edit),Daily天利,1,1,1,
下一秒.BobHouSherlock卓智媛feat兰音Reine,下一秒,Bob Hou & Sherlock卓智媛 feat. 兰音Reine,1,1,1,
玩具狂奏曲終焉.きくお,玩具狂奏曲 -終焉-,きくお,1,1,1,1
SnowDance.悠叶いのり,Snow Dance,悠叶いのり,1,1,1,
亂舞.NekockLK,亂★舞,Nekock·LK,1,1,1,
Cleyera.Riya,Cleyera,Riya,1,1,1,
70MinutesFighters.かたぎり,70 Minutes Fighters,かたぎり,1,1,1,
Poseidon.1112vsStar,Ποσειδών,1112 vs. Star＊,1,1,1,1
WATER.A39沙包P,WATER,A-39/沙包P,1,1,1,
MiracleForestVIPMix.Rinthlive,Miracle Forest (VIP Mix),Rinth_live,1,1,1,
MOBILYS.Dachs,MOBILYS,Dachs,1,1,1,
Lyrith迷宮リリス.ユメミド,Lyrith -迷宮リリス-,ユメミド,1,1,1,1
Demiurge.Rabpit,Demiurge,Rabpit,1,1,1,
Demonkin.ForgedReigns,Demonkin,Forged Reigns,1,1,1,
Re_NascencePsystyleVer.Rinth_live,Re_Nascence (Psystyle Ver.) ,Rinth_live,1,1,1,
Ark.kanoryo,Ark,kanoryo,1,1,1,1
AfterDawn.S9ryne,After Dawn,S9ryne,1,1,1,
INFiNiTEENERZYOverdoze.RekuMochizuki,INFiNiTE ENERZY -Overdoze-,Reku Mochizuki,1,1,1,1
Khalid.Dolphin,Khalid,Dolphin,1,1,1,
QuantumHyperspace.D_AAN,Quantum Hyperspace,D_AAN,1,1,1,
FreakyUndulationsNobleKnightsofTune.JehezukielKURORAK,Freaky Undulations ~Noble Knights of Tune~,Jehezukiel + KURORAK,1,1,1,
PANICPARADISE.DJSHIONY,PANIC PARADISE,DJ SHION.Y,1,1,1,1
ReEndofaDream.umavsモリモリあつし,Re：End of a Dream,uma vs. モリモリあつし,1,1,1,1
心の記憶.A39沙包P,心の記憶,A-39/沙包P,1,1,1,
Spotlight.Ardolf,Spotlight,Ardolf,1,1,1,
NightTheater.わかどり,NightTheater,わかどり,1,1,1,
Ramification.rareguyReina,Ramification,rareguy & Reina,1,1,1,
DerRichter.Ωμεγα,Der Richter,Ωμεγα,1,1,1,1
ATHAZA.LeaF,ATHAZA,LeaF,1,1,1,1
ExoplanetaryMirage.かめりあ,Exoplanetary Mirage,かめりあ,1,1,1,
EntrancetotheChaos.打打だいずvssiromaru,Entrance to the Chaos,打打だいず vs. siromaru,1,1,1,
DerSchneid.Ωμεγα,Der Schneid,Ωμεγα,1,1,1,
AboutTheUniverse.SOTUIMissionary,About The Universe,SOTUI & Missionary,1,1,,
Implexrough.Silentroommommy,Implexrough,Silentroom × mommy,1,1,,
Evanescent.LeaF,Evanescent,LeaF,1,1,,
GungnirFracture.Kryexe,Gungnir Fracture,Kry.exe,,1,,
夢の降る日に.seatrus,夢の降る日に,seatrus,,1,1,
星拂云锦featkoi.S9ryne,星拂云锦 feat.koi,S9ryne,1,1,,
Cryogenic.Camelli aftPetraGurin,Cryogenic,Camellia ft. Petra Gurin,1,1,,
